Date,Visits,Target Visits,Bookings,Target Bookings,CPA,Target CPA,Spend,Target Spend,CR,Target CR
1-Mar-21,69417,65916,736,468,14.33409124,18.82051282,10549.89115,8808,0.01060259,0.007099945
2-Mar-21,73544,64142,652,436,14.98000174,18.90825688,9766.961133,8244,0.008865441,0.006797418
3-Mar-21,61954,60433,609,379,14.62095248,18.8707124,8904.160063,7152,0.009829874,0.006271408
4-Mar-21,59338,64142,580,436,16.40449273,18.90825688,9514.605781,8244,0.009774512,0.006797418
5-Mar-21,81487,62336,652,408,17.00547704,18.86519608,11087.57103,7697,0.008001276,0.006545175
6-Mar-21,62381,60433,700,379,20.97930603,18.8707124,14685.51422,7152,0.011221365,0.006271408
7-Mar-21,67682,62336,805,408,18.06963241,18.86519608,14546.05409,7697,0.011893857,0.006545175
8-Mar-21,57625,67051,496,487,22.01651625,18.85831622,10920.19206,9184,0.008607375,0.007263128
9-Mar-21,92835,65334,852,457,13.79673392,18.86214442,11754.8173,8620,0.009177573,0.006994827
10-Mar-21,83233,61560,852,396,14.61787554,18.86868687,12454.42996,7472,0.010236325,0.006432749
11-Mar-21,65077,65334,737,457,15.87146968,18.86214442,11697.27316,8620,0.011325046,0.006994827
12-Mar-21,62704,63469,654,426,16.79346994,18.86619718,10982.92934,8037,0.010429957,0.006711938
13-Mar-21,60349,61560,791,396,14.93460927,18.86868687,11813.27593,7472,0.013107094,0.006432749
14-Mar-21,61459,63469,826,426,14.17208118,18.86619718,11706.13905,8037,0.013439854,0.006711938
15-Mar-21,67511,67329,651,491,17.97966146,18.89816701,11704.75961,9279,0.009642873,0.007292549
16-Mar-21,62257,65569,559,461,21.14117309,18.86334056,11817.91576,8696,0.00897891,0.007030761
17-Mar-21,68892,61822,523,399,18.26619338,18.91729323,9553.219138,7548,0.007591593,0.006454013
18-Mar-21,61807,65569,551,461,15.73796197,18.86334056,8671.617047,8696,0.008914848,0.007030761
19-Mar-21,62674,63776,598,431,13.14070161,18.86542923,7858.139563,8131,0.009541437,0.006758028
20-Mar-21,51083,61822,544,399,14.91487154,18.91729323,8113.690119,7548,0.010649335,0.006454013
21-Mar-21,47978,63776,611,431,11.85066159,18.86542923,7240.754229,8131,0.012735004,0.006758028
22-Mar-21,44714,67329,411,491,15.23792757,18.89816701,6262.788232,9279,0.009191752,0.007292549
23-Mar-21,54755,65627,421,462,12.25385754,18.86147186,5158.874023,8714,0.007688796,0.007039785
24-Mar-21,41245,61822,362,399,13.14670311,18.91729323,4759.106526,7548,0.008776821,0.006454013
25-Mar-21,36628,65627,322,462,15.17105443,18.86147186,4885.079527,8714,0.008791089,0.007039785
26-Mar-21,44053,63776,379,431,11.52550018,18.86542923,4368.164568,8131,0.008603273,0.006758028
27-Mar-21,35425,61822,372,399,11.02097835,18.91729323,4099.803947,7548,0.010501059,0.006454013
28-Mar-21,40140,63776,464,431,12.74278809,18.86542923,5912.653672,8131,0.011559542,0.006758028
29-Mar-21,37943,67825,393,500,12.49661396,18.896,4911.169288,9448,0.010357642,0.007371913
30-Mar-21,33450,66031,322,469,11.37127717,18.86140725,3661.551249,8846,0.009626308,0.007102724
31-Mar-21,36478,62271,341,406,12.79595199,18.82019704,4363.419628,7641,0.0093481,0.006519889
1-Apr-21,34989,71993,330,471,11.45926016,20.80467091,3781.555854,9799,0.009431536,0.006542303
2-Apr-21,39835,69423,356,440,12.4578828,20.80454545,4435.006276,9154,0.008936865,0.006337957
3-Apr-21,33163,66576,367,406,12.82366871,20.90640394,4706.286415,8488,0.01106655,0.006098294
4-Apr-21,39203,69339,419,438,15.11832551,20.85159817,6334.578389,9133,0.010687958,0.006316791
5-Apr-21,53923,75145,626,512,13.98548642,20.80273438,8754.914499,10651,0.011609146,0.006813494
6-Apr-21,47283,72709,405,479,18.3373808,20.84759916,7426.639225,9986,0.008565446,0.006587905
7-Apr-21,42265,67307,361,416,18.90487022,20.80528846,6824.658148,8655,0.008541346,0.006180635
8-Apr-21,39314,72709,375,479,17.92633998,20.84759916,6722.377492,9986,0.009538587,0.006587905
9-Apr-21,55731,70104,475,448,14.62405204,20.80357143,6946.424719,9320,0.008523084,0.006390506
10-Apr-21,47531,67307,572,416,13.29779289,20.80528846,7606.337534,8655,0.012034251,0.006180635
11-Apr-21,47730,70104,566,448,13.07549766,20.80357143,7400.731673,9320,0.01185837,0.006390506
12-Apr-21,39539,73715,444,492,13.59635681,20.84552846,6036.782423,10256,0.011229419,0.006674354
13-Apr-21,38789,72864,362,481,14.07182628,20.84823285,5094.001114,10028,0.009332543,0.006601339
14-Apr-21,39756,67487,363,418,13.62300741,20.80382775,4945.151691,8696,0.009130697,0.006193785
15-Apr-21,38012,72864,346,481,11.40689553,20.84823285,3946.785854,10028,0.009102389,0.006601339
16-Apr-21,41937,70273,369,449,10.22696086,20.85077951,3773.748557,9362,0.008798913,0.006389367
17-Apr-21,38050,67487,380,418,11.29486771,20.80382775,4292.049728,8696,0.009986859,0.006193785
18-Apr-21,47661,70273,465,449,13.21359647,20.85077951,6144.322359,9362,0.009756405,0.006389367
19-Apr-21,42003,75582,411,516,11.08335052,20.88372093,4555.257062,10776,0.009785015,0.006827022
20-Apr-21,40908,73176,342,484,14.70555417,20.89049587,5029.299527,10111,0.008360223,0.00661419
21-Apr-21,41862,67758,338,421,14.99400323,20.80285036,5067.973093,8758,0.008074148,0.006213288
22-Apr-21,44323,73176,386,484,13.20150418,20.89049587,5095.780615,10111,0.008708797,0.00661419
23-Apr-21,43770,70523,379,452,11.5447263,20.84734513,4375.451269,9423,0.008658899,0.006409257
24-Apr-21,39557,67758,373,421,10.16156841,20.80285036,3790.265017,8758,0.009429431,0.006213288
25-Apr-21,49751,70523,491,452,10.30820095,20.84734513,5061.326664,9423,0.009869148,0.006409257
26-Apr-21,51805,79783,404,578,12.47493919,20.84083045,5039.875434,12046,0.007798475,0.007244651
27-Apr-21,48355,77361,306,542,13.90256685,20.84132841,4254.185457,11296,0.006328198,0.007006114
28-Apr-21,51507,71993,572,471,9.165511483,20.80467091,5242.672568,9799,0.011105287,0.006542303
29-Apr-21,54682,77361,420,542,10.90946868,20.84132841,4581.976847,11296,0.007680772,0.007006114
30-Apr-21,46163,74772,449,505,9.716026359,20.88514851,4362.495835,10547,0.009726404,0.006753865
1-May-21,44887,89440,464,468,9.859933595,25.92094017,4575.009188,12131,0.010337069,0.005232558
2-May-21,59034,92159,580,507,10.54940087,25.75739645,6118.652504,13059,0.009824847,0.005501362
3-May-21,66173,99235,711,611,11.55886391,25.75777414,8218.352241,15738,0.010744563,0.006157102
4-May-21,66637,96770,621,573,13.04378594,25.7574171,8100.191069,14759,0.009319147,0.005921257
5-May-21,65652,91712,599,498,14.12412367,25.94779116,8460.350081,12922,0.009123865,0.005430042
6-May-21,64524,96770,583,573,15.89500899,25.7574171,9266.790243,14759,0.009035398,0.005921257
7-May-21,124562,94171,1176,534,10.11438251,25.80524345,11894.51383,13780,0.009441082,0.005670536
8-May-21,127239,91419,1296,497,14.3382736,25.75653924,18582.40259,12801,0.010185556,0.005436507
9-May-21,93301,94171,1002,534,14.79399184,25.80524345,14823.57983,13780,0.010739435,0.005670536
10-May-21,93872,99611,680,616,21.69543987,25.7987013,14752.89911,15892,0.007243907,0.006184056
11-May-21,107483,97102,684,577,16.06372385,25.80069324,10987.58712,14887,0.006363797,0.005942205
12-May-21,83653,91716,608,502,15.2590315,25.70517928,9277.491151,12904,0.007268119,0.005473418
13-May-21,68775,97102,515,577,12.56684158,25.80069324,6471.923415,14887,0.007488186,0.005942205
14-May-21,62993,94450,476,538,9.966834,25.80483271,4744.212984,13883,0.007556395,0.005696136
15-May-21,68857,91716,549,502,9.236158443,25.70517928,5070.650985,12904,0.007973046,0.005473418
16-May-21,65787,94450,642,538,11.06503506,25.80483271,7103.752509,13883,0.009758767,0.005696136
17-May-21,97460,106161,559,727,13.05303833,25.82668501,7296.648425,18776,0.005735686,0.006848089
18-May-21,77822,103580,459,682,13.49567386,25.79472141,6194.5143,17592,0.005898075,0.006584283
19-May-21,69891,98016,484,592,12.42686514,25.75506757,6014.602728,15247,0.006925069,0.00603983
20-May-21,66502,103580,573,682,10.54500506,25.79472141,6042.287901,17592,0.008616282,0.006584283
21-May-21,74254,100909,550,636,9.372554898,25.83647799,5154.905194,16432,0.007407008,0.006302708
22-May-21,52232,98016,475,592,12.43854951,25.75506757,5908.311019,15247,0.009094042,0.00603983
23-May-21,63227,100909,634,636,12.04940088,25.83647799,7639.320161,16432,0.010027362,0.006302708
24-May-21,70930,107026,551,743,12.67220999,25.82637954,6982.387707,19189,0.007768222,0.006942238
25-May-21,65014,104437,528,697,12.68217185,25.79340029,6696.186739,17978,0.008121328,0.00667388
26-May-21,58010,98854,432,605,13.51956617,25.75702479,5840.452587,15583,0.007446992,0.006120137
27-May-21,52020,104437,452,697,11.58037708,25.79340029,5234.330439,17978,0.008688966,0.00667388
28-May-21,54836,101757,494,649,9.632053332,25.8751926,4758.234346,16793,0.00900868,0.00637794
29-May-21,42286,98854,424,605,11.41769772,25.75702479,4841.103833,15583,0.010026959,0.006120137
30-May-21,51586,101757,435,649,12.23820555,25.8751926,5323.619414,16793,0.00843252,0.00637794
31-May-21,57897,108661,614,775,11.09584611,25.7883871,6812.849511,19986,0.01060504,0.007132274
1-Jun-21,71457,109644,590,728,11.28345283,24.76510989,6657.237171,18029,0.008256714,0.00663967
2-Jun-21,67837,103832,688,629,10.20343568,24.84260731,7019.963751,15626,0.010141958,0.006057863
3-Jun-21,77897,109644,647,728,10.99330307,24.76510989,7112.667084,18029,0.00830584,0.00663967
4-Jun-21,55924,106794,423,678,7.616990738,24.80088496,3221.987082,16815,0.007563837,0.006348671
5-Jun-21,41590,103832,446,629,4.947192242,24.84260731,2206.44774,15626,0.010723732,0.006057863
6-Jun-21,50647,106794,708,678,5.626369062,24.80088496,3983.469296,16815,0.01397911,0.006348671
7-Jun-21,56567,110982,536,750,5.851713521,24.832,3136.518447,18624,0.009475489,0.006757853
8-Jun-21,50646,108326,441,703,6.435043989,24.83499289,2837.854399,17459,0.008707499,0.00648967
9-Jun-21,55303,102541,391,610,6.143094957,24.80491803,2401.950128,15131,0.007070141,0.00594884
10-Jun-21,51290,108326,415,703,5.76242821,24.83499289,2391.407707,17459,0.008091246,0.00648967
11-Jun-21,45523,105520,346,656,7.421194483,24.83993902,2567.733291,16295,0.007600554,0.006216831
12-Jun-21,35197,102541,287,610,7.064152826,24.80491803,2027.411861,15131,0.008154104,0.00594884
13-Jun-21,37741,105520,362,656,9.185295235,24.83993902,3325.076875,16295,0.009591691,0.006216831
14-Jun-21,52308,109531,359,724,8.780311437,24.83287293,3152.131806,17979,0.006863195,0.006610001
15-Jun-21,65433,106914,380,680,9.991163429,24.8,3796.642103,16864,0.005807467,0.006360252
16-Jun-21,59247,101151,392,589,8.758413099,24.80645161,3433.297935,14611,0.006616369,0.005822978
17-Jun-21,58199,106914,393,680,8.93572669,24.8,3511.740589,16864,0.006752693,0.006360252
18-Jun-21,48678,104086,289,634,8.332515785,24.8044164,2408.097062,15726,0.005936974,0.006091117
19-Jun-21,41324,101151,336,589,8.298850872,24.80645161,2788.413893,14611,0.008130868,0.005822978
20-Jun-21,50808,104086,499,634,8.214389361,24.8044164,4098.980291,15726,0.009821288,0.006091117
21-Jun-21,63812,107624,423,693,9.088803414,24.76479076,3844.563844,17162,0.006628847,0.006439084
22-Jun-21,57667,105026,412,648,6.511630061,24.84104938,2682.791585,16097,0.007144467,0.006169901
23-Jun-21,55397,99303,429,563,5.191040413,24.76554174,2226.956337,13943,0.007744102,0.005669517
24-Jun-21,93667,105026,829,648,12.41288309,24.84104938,10290.28008,16097,0.008850502,0.006169901
25-Jun-21,115331,102281,938,607,15.06675043,24.76441516,14132.6119,15032,0.008133113,0.005934631
26-Jun-21,64037,99303,645,563,12.19661693,24.76554174,7866.817917,13943,0.010072302,0.005669517
27-Jun-21,86431,102281,764,607,13.5618177,24.76441516,10361.22872,15032,0.008839421,0.005934631
28-Jun-21,82174,107802,513,695,15.93508374,24.8,8174.697961,17236,0.006242851,0.006447005
29-Jun-21,74783,105212,484,651,13.61772967,24.84178187,6590.981159,16172,0.006472059,0.006187507
30-Jun-21,66509,99513,495,566,15.45936134,24.76678445,7652.383865,14018,0.007442602,0.005687699
1-Jul-21,61247,102122,439,651,11.91270511,24.83563748,5229.677543,16168,0.007167698,0.006374728
2-Jul-21,51077,99405,291,609,12.36908826,24.77668309,3599.404684,15089,0.005697281,0.006126452
3-Jul-21,53895,96591,377,564,10.98931272,24.84219858,4142.970894,14011,0.006995083,0.005839053
4-Jul-21,71458,99405,589,609,10.27060846,24.77668309,6049.38838,15089,0.008242604,0.006126452
5-Jul-21,78986,104407,574,691,9.772911439,24.80028944,5609.651166,17137,0.007267111,0.00661833
6-Jul-21,89088,101880,570,647,9.776097449,24.83153014,5572.375546,16066,0.006398168,0.006350609
7-Jul-21,69216,96318,446,561,8.302856453,24.81996435,3703.073978,13924,0.006443597,0.005824456
8-Jul-21,113744,101880,694,647,10.31547527,24.83153014,7158.939835,16066,0.006101421,0.006350609
9-Jul-21,88596,99150,582,605,16.64029035,24.78512397,9684.648984,14995,0.006569145,0.006101866
10-Jul-21,80042,96318,532,561,19.73088068,24.81996435,10496.82852,13924,0.006646511,0.005824456
11-Jul-21,66501,99150,485,605,15.27111855,24.78512397,7406.492496,14995,0.007293123,0.006101866
12-Jul-21,101420,103949,754,684,11.87932298,24.75730994,8957.009527,16934,0.007434431,0.00658015
13-Jul-21,98228,101397,765,640,11.77073727,24.8046875,9004.614015,15875,0.007788003,0.006311824
14-Jul-21,105275,95909,731,555,11.88905645,24.78918919,8690.900264,13758,0.006943719,0.005786735
15-Jul-21,89465,101397,678,640,11.30979234,24.8046875,7668.039209,15875,0.007578383,0.006311824
16-Jul-21,81483,98700,635,598,10.2885213,24.77591973,6533.211023,14816,0.007793037,0.006058764
17-Jul-21,61379,95909,535,555,10.79930181,24.78918919,5777.62647,13758,0.008716336,0.005786735
18-Jul-21,85126,98700,853,598,8.928983967,24.77591973,7616.423324,14816,0.01002044,0.006058764
19-Jul-21,101690,104580,860,695,8.867422042,24.75971223,7625.982956,17208,0.008457075,0.00664563
20-Jul-21,86401,102002,513,650,12.05825114,24.81846154,6185.882834,16132,0.005937431,0.006372424
21-Jul-21,83373,96521,520,564,10.98139174,24.79078014,5710.323705,13982,0.006237031,0.005843288
22-Jul-21,71237,102002,481,650,10.74859129,24.81846154,5170.072412,16132,0.006752109,0.006372424
23-Jul-21,73634,99339,422,608,9.983775014,24.76480263,4213.153056,15057,0.005731048,0.006120456
24-Jul-21,62627,96521,446,564,9.451164244,24.79078014,4215.219253,13982,0.007121529,0.005843288
25-Jul-21,72142,99339,541,608,8.754788837,24.76480263,4736.340761,15057,0.007499099,0.006120456
26-Jul-21,77606,102063,505,650,9.578525384,24.82769231,4837.155319,16138,0.006507229,0.006368615
27-Jul-21,76584,99532,543,609,8.803424527,24.84400657,4780.259518,15130,0.007090254,0.006118635
28-Jul-21,95042,94027,495,529,11.16215377,24.78827977,5525.266118,13113,0.005208224,0.005626044
29-Jul-21,81700,99532,460,609,8.935038163,24.84400657,4110.117555,15130,0.005630355,0.006118635
30-Jul-21,86584,96860,502,570,8.352783683,24.77368421,4193.097409,14121,0.005797838,0.005884782
31-Jul-21,64411,94027,431,529,9.37384506,24.78827977,4040.127221,13113,0.006691404,0.005626044
1-Aug-21,79437,89045,587,569,10.12618316,22.83128295,5944.069513,12991,0.007389504,0.006390028
2-Aug-21,93806,95347,543,680,10.3059953,22.79117647,5596.155448,15498,0.005788542,0.007131845
3-Aug-21,105911,93047,521,637,11.27000499,22.82731554,5871.6726,14541,0.004919225,0.006846003
4-Aug-21,97267,87983,635,552,12.7320013,22.83152174,8084.820824,12603,0.006528422,0.006273939
5-Aug-21,119555,93047,939,637,9.267228159,22.82731554,8701.927241,14541,0.007854126,0.006846003
6-Aug-21,110152,90559,738,592,10.24583326,22.90540541,7561.424946,13560,0.006699833,0.006537175
7-Aug-21,85970,87983,649,552,11.89814443,22.83152174,7721.895735,12603,0.007549145,0.006273939
8-Aug-21,106154,90559,804,592,13.60906342,22.90540541,10941.68699,13560,0.007573902,0.006537175
9-Aug-21,113851,94972,749,672,14.48132214,22.82440476,10846.51029,15338,0.006578774,0.00707577
10-Aug-21,102633,92652,731,630,12.23145522,22.82857143,8941.193767,14382,0.007122465,0.006799637
11-Aug-21,99411,87538,696,546,11.62142542,22.79120879,8088.51209,12444,0.007001237,0.006237291
12-Aug-21,91773,92652,618,630,10.23813328,22.82857143,6327.166369,14382,0.006734007,0.006799637
13-Aug-21,88928,90139,523,587,11.2517942,22.82964225,5884.688367,13401,0.005881162,0.006512165
14-Aug-21,71825,87538,491,546,10.7100734,22.79120879,5258.646039,12444,0.00683606,0.006237291
15-Aug-21,88714,90139,668,587,12.14069086,22.82964225,8109.981497,13401,0.007529815,0.006512165
16-Aug-21,103381,92252,656,623,13.13440211,22.82664526,8616.167782,14221,0.00634546,0.006753241
17-Aug-21,100518,89959,548,584,13.73361868,22.82876712,7526.023034,13332,0.00545176,0.006491846
18-Aug-21,97595,84976,584,507,17.06981866,22.79092702,9968.774095,11555,0.005983913,0.005966391
19-Aug-21,93013,89959,536,584,16.26405091,22.82876712,8717.531287,13332,0.005762635,0.006491846
20-Aug-21,95362,87538,553,546,13.55066217,22.79120879,7493.516181,12444,0.005798956,0.006237291
21-Aug-21,80126,84976,591,507,13.60913993,22.79092702,8043.001699,11555,0.007375883,0.005966391
22-Aug-21,91188,87538,672,546,12.20444028,22.79120879,8201.383869,12444,0.007369391,0.006237291
23-Aug-21,101824,91849,563,614,12.29187165,22.90228013,6920.323741,14062,0.005529148,0.006684885
24-Aug-21,94654,89536,535,577,11.65251424,22.83015598,6234.095117,13173,0.005652165,0.006444335
25-Aug-21,95040,84570,595,501,9.149139375,22.79041916,5443.737928,11418,0.006260522,0.005924087
26-Aug-21,101892,89536,657,577,8.618807224,22.83015598,5662.556346,13173,0.006448004,0.006444335
27-Aug-21,91504,87154,677,540,9.685703285,22.79074074,6557.221124,12307,0.007398584,0.006195929
28-Aug-21,71760,84570,616,501,10.08262826,22.79041916,6210.899007,11418,0.008584169,0.005924087
29-Aug-21,100034,87154,676,540,12.87118444,22.79074074,8700.920679,12307,0.006757702,0.006195929
30-Aug-21,106673,93496,790,647,13.98311083,22.75425039,11046.65755,14722,0.00740581,0.006920082
31-Aug-21,107799,91209,683,605,13.50468911,22.82975207,9223.702661,13812,0.006335866,0.006633117
1-Sep-21,102460,80473,637,525,14.14376233,21.79619048,9009.576602,11443,0.00621706,0.006523927
2-Sep-21,94578,85168,652,604,13.69243203,21.86754967,8927.465681,13208,0.006893781,0.007091865
3-Sep-21,93078,82858,529,565,16.01021759,21.79646018,8469.405104,12315,0.005683405,0.006818895
4-Sep-21,75170,80473,564,525,15.01719176,21.79619048,8469.69615,11443,0.007502993,0.006523927
5-Sep-21,88410,82858,686,565,15.41413339,21.79646018,10574.0955,12315,0.007759303,0.006818895
6-Sep-21,106742,85496,631,611,15.52390524,21.82978723,9795.584209,13338,0.00591145,0.007146533
7-Sep-21,102502,83319,602,573,16.13814793,21.79406632,9715.165053,12488,0.005873056,0.006877183
8-Sep-21,98478,78714,585,496,16.40570098,21.84072581,9597.335074,10833,0.005940413,0.006301293
9-Sep-21,114949,83319,1148,573,9.20753405,21.79406632,10570.24909,12488,0.009987038,0.006877183
10-Sep-21,95162,81080,914,534,8.742936327,21.83707865,7991.043803,11661,0.009604674,0.006586088
11-Sep-21,78935,78714,859,496,10.26308085,21.84072581,8815.986454,10833,0.010882372,0.006301293
12-Sep-21,100770,81080,1161,534,11.30490381,21.83707865,13124.99332,11661,0.011521286,0.006586088
13-Sep-21,113249,84059,1300,584,8.790324298,21.86986301,11427.42159,12772,0.01147913,0.006947501
14-Sep-21,119367,81921,1489,549,8.174282991,21.79599271,12171.50737,11966,0.012474134,0.006701578
15-Sep-21,94736,77344,712,476,13.98784396,21.79411765,9959.344897,10374,0.007515622,0.006154324
16-Sep-21,61927,81921,283,549,2.888153078,21.79599271,817.347321,11966,0.004569897,0.006701578
17-Sep-21,77998,79666,1008,511,4.00126356,21.83757339,4033.273668,11159,0.012923408,0.00641428
18-Sep-21,104934,77344,1272,476,3.384132239,21.79411765,4304.616208,10374,0.012121905,0.006154324
19-Sep-21,131223,79666,1153,511,24.3272663,21.83757339,28049.33804,11159,0.008786569,0.00641428
20-Sep-21,141198,83492,999,576,25.62689275,21.79513889,25601.26585,12554,0.007075171,0.006898865
21-Sep-21,123200,81384,885,541,24.25201323,21.75415896,21463.03171,11769,0.007183442,0.006647498
22-Sep-21,104216,76810,783,469,26.81190999,21.74840085,20993.72552,10200,0.007513242,0.006105976
23-Sep-21,99856,81384,740,541,28.90608203,21.75415896,21390.5007,11769,0.007410671,0.006647498
24-Sep-21,100948,79161,771,505,24.90854744,21.75247525,19204.49008,10985,0.007637596,0.006379404
25-Sep-21,84704,76810,698,469,24.9123727,21.74840085,17388.83615,10200,0.008240461,0.006105976
26-Sep-21,102814,79161,918,505,24.10742008,21.75247525,22130.61164,10985,0.008928745,0.006379404
27-Sep-21,111534,80901,770,531,28.93951424,21.83615819,22283.42596,11595,0.006903724,0.006563578
28-Sep-21,102944,78779,846,497,24.84438987,21.83903421,21018.35383,10854,0.00821806,0.006308788
29-Sep-21,95991,74317,690,431,26.91824299,21.84454756,18573.58766,9415,0.007188174,0.005799481
30-Sep-21,99361,78779,951,497,15.8819799,21.83903421,15103.76288,10854,0.00957116,0.006308788
1-Oct-21,98716,55217,762,451,15.19323072,16.99334812,11577.24181,7664,0.007719113,0.008167774
2-Oct-21,89263,53483,751,423,16.76182257,16.99763593,12588.12875,7190,0.00841334,0.007909055
3-Oct-21,102071,55217,979,451,15.24463413,16.99334812,14924.49681,7664,0.009591363,0.008167774
4-Oct-21,114039,61563,864,558,17.10064711,16.95698925,14774.9591,9462,0.007576355,0.009063886
5-Oct-21,104097,59685,743,526,18.48323122,16.95627376,13733.0408,8919,0.007137574,0.008812935
6-Oct-21,96600,55892,802,462,13.45709658,16.99350649,10792.59146,7851,0.008302277,0.008265941
7-Oct-21,95207,59685,791,526,13.62739456,16.95627376,10779.26909,8919,0.008308213,0.008812935
8-Oct-21,101065,57835,773,494,13.52855882,16.99190283,10457.57597,8394,0.007648543,0.008541541
9-Oct-21,84228,55892,709,462,14.94767078,16.99350649,10597.89858,7851,0.008417628,0.008265941
10-Oct-21,101600,57835,922,494,15.72591407,16.99190283,14499.29277,8394,0.009074803,0.008541541
11-Oct-21,107392,61156,778,551,15.55980521,16.95644283,12105.52845,9343,0.007244487,0.009009746
12-Oct-21,99382,59330,730,519,14.9919733,16.99229287,10944.14051,8819,0.007345395,0.008747682
13-Oct-21,93573,55587,815,458,13.32962856,16.95851528,10863.64727,7767,0.008709777,0.008239337
14-Oct-21,91406,59330,823,519,11.65106767,16.99229287,9588.828693,8819,0.009003785,0.008747682
15-Oct-21,96257,57472,750,489,11.91672941,16.95705521,8937.54706,8292,0.007791641,0.008508491
16-Oct-21,81121,55587,717,458,13.08177641,16.95851528,9379.633686,7767,0.008838648,0.008239337
17-Oct-21,100211,57472,978,489,13.54359816,16.95705521,13245.639,8292,0.009759408,0.008508491
18-Oct-21,101321,57353,803,487,14.63223355,16.95893224,11749.68354,8259,0.007925307,0.008491273
19-Oct-21,95366,55710,727,460,17.94529955,16.95652174,13046.23278,7800,0.007623262,0.008257045
20-Oct-21,90306,52289,667,404,19.20637702,17.00247525,12810.65347,6869,0.007385999,0.00772629
21-Oct-21,79048,55710,614,460,16.83266636,16.95652174,10335.25714,7800,0.007767432,0.008257045
22-Oct-21,82375,53981,571,431,14.53157943,16.99767981,8297.531856,7326,0.006931715,0.007984291
23-Oct-21,69386,52289,561,404,13.38416501,17.00247525,7508.516572,6869,0.008085205,0.00772629
24-Oct-21,81687,53981,772,431,12.31124876,16.99767981,9504.284046,7326,0.009450708,0.007984291
25-Oct-21,85112,55033,651,449,13.06427479,16.95768374,8504.84289,7614,0.007648745,0.008158741
26-Oct-21,81429,53483,642,423,10.80483241,16.99763593,6936.702408,7190,0.007884169,0.007909055
27-Oct-21,79834,50319,653,374,10.25421641,16.95721925,6696.003317,6342,0.008179472,0.00743258
28-Oct-21,77870,53483,595,423,11.20600531,16.99763593,6667.573162,7190,0.00764094,0.007909055
29-Oct-21,80623,51910,720,400,8.321370887,16.915,5991.387039,6766,0.008930454,0.007705644
30-Oct-21,67282,50319,606,374,10.12580951,16.95721925,6136.240563,6342,0.009006867,0.00743258
31-Oct-21,84748,51910,779,400,10.80658973,16.915,8418.333399,6766,0.009191957,0.007705644
1-Nov-21,78107,53414,696,336,13.22608595,23.17559524,9205.355821,7787,0.008910853,0.006290486
2-Nov-21,45846,51723,682,317,12.66655473,23.03785489,8638.590327,7303,0.014875889,0.006128802
3-Nov-21,45621,48264,684,274,11.14287574,23.12408759,7621.727004,6336,0.014993095,0.005677109
4-Nov-21,44201,51723,649,317,13.56372486,23.03785489,8802.857437,7303,0.014682926,0.006128802
5-Nov-21,42880,50005,576,298,14.3199972,22.88255034,8248.318387,6819,0.013432836,0.005959404
6-Nov-21,67233,48179,622,274,15.88032513,23.03649635,9877.562233,6312,0.009251409,0.005687125
7-Nov-21,84215,49921,798,295,16.124539,23.04067797,12867.38212,6797,0.009475747,0.005909337
8-Nov-21,89024,53892,679,343,16.67814197,23.10204082,11324.4584,7924,0.007627157,0.006364581
9-Nov-21,83045,52209,730,322,14.96520868,23.11180124,10924.60234,7442,0.008790415,0.006167519
10-Nov-21,80372,48681,664,280,15.4597834,23.03571429,10265.29618,6450,0.008261584,0.005751731
11-Nov-21,72133,52209,609,322,13.26933357,23.11180124,8081.024142,7442,0.008442738,0.006167519
12-Nov-21,77196,50417,541,302,14.5782613,22.9602649,7886.839363,6934,0.007008135,0.005990043
13-Nov-21,64183,48681,610,280,13.70333659,23.03571429,8359.035317,6450,0.009504074,0.005751731
14-Nov-21,77117,50417,770,302,12.033442,22.9602649,9265.750341,6934,0.009984828,0.005990043
15-Nov-21,77602,54368,606,350,15.52765223,23.04,9409.75725,8064,0.007809077,0.00643761
16-Nov-21,74137,52612,586,328,15.83435512,23.03963415,9278.932099,7557,0.007904285,0.006234319
17-Nov-21,70602,49012,564,285,14.6715045,22.95789474,8274.728537,6543,0.007988442,0.005814902
18-Nov-21,89049,52612,569,328,15.8313211,23.03963415,9008.021706,7557,0.00638974,0.006234319
19-Nov-21,112298,50826,537,307,16.10678355,22.96091205,8649.342765,7049,0.00478192,0.006040216
20-Nov-21,64103,49012,470,285,18.00088527,22.95789474,8460.416078,6543,0.00733195,0.005814902
21-Nov-21,72693,50826,550,307,14.59237017,22.96091205,8025.803594,7049,0.007566066,0.006040216
22-Nov-21,77395,74150,499,628,16.87533317,23.00159236,8420.791254,14445,0.006447445,0.008469319
23-Nov-21,70807,71562,452,586,16.4644602,23.07849829,7441.93601,13524,0.00638355,0.008188704
24-Nov-21,123992,66255,1514,507,7.827350728,23.13017751,11850.609,11727,0.012210465,0.007652253
25-Nov-21,81733,71562,988,586,11.71337626,23.07849829,11572.81574,13524,0.012088141,0.008188704
26-Nov-21,87257,68953,1328,546,8.531801262,23.12454212,11330.23208,12626,0.015219409,0.007918437
27-Nov-21,56894,66255,693,507,12.6650437,23.13017751,8776.875287,11727,0.012180546,0.007652253
28-Nov-21,61545,68953,779,546,12.88491408,23.12454212,10037.34807,12626,0.012657405,0.007918437
29-Nov-21,63854,62382,683,455,13.85492449,23.03736264,9462.913428,10482,0.010696276,0.007293771
30-Nov-21,87321,60306,930,426,9.706102305,23.0915493,9026.675144,9837,0.010650359,0.007063974
1-Dec-21,53175,52651,273,315,26.11389688,23.64444444,7129.093848,7448,0.005133992,0.005982792
2-Dec-21,49801,58084,210,364,27.66030958,23.63461538,5808.665012,8603,0.004216783,0.006266786
3-Dec-21,48960,55386,257,340,16.68748008,23.60294118,4288.68238,8025,0.005249183,0.006138735
4-Dec-21,40163,52651,239,315,17.46931131,23.64444444,4175.165402,7448,0.005950751,0.005982792
5-Dec-21,48209,55386,287,340,17.2773138,23.60294118,4958.58906,8025,0.005953245,0.006138735
6-Dec-21,51194,48100,250,274,15.24666641,23.74087591,3811.666603,6505,0.004883385,0.005696466
7-Dec-21,48522,46131,254,255,15.41725109,23.93333333,3915.981777,6103,0.005234739,0.005527736
8-Dec-21,43740,42051,223,220,12.71750594,24.00909091,2836.003825,5282,0.005098308,0.005231742
9-Dec-21,48120,46131,235,255,9.390246102,23.93333333,2206.707834,6103,0.004883624,0.005527736
10-Dec-21,43552,44057,189,239,12.13596835,23.77824268,2293.698019,5683,0.00433964,0.005424791
11-Dec-21,35273,42051,196,220,10.93918991,24.00909091,2144.081222,5282,0.005556658,0.005231742
12-Dec-21,40056,44057,227,239,9.792527586,23.77824268,2222.903762,5683,0.005667066,0.005424791
13-Dec-21,44420,43884,205,238,10.00763124,23.72689076,2051.564405,5647,0.004615038,0.005423389
14-Dec-21,46154,42141,228,223,8.271524798,23.75784753,1885.907654,5298,0.004939984,0.005291759
15-Dec-21,59966,38611,348,193,6.550467816,23.82901554,2279.5628,4599,0.005803289,0.004998576
16-Dec-21,47190,42141,248,223,8.83535477,23.75784753,2191.167983,5298,0.005255351,0.005291759
17-Dec-21,39557,40382,225,208,9.833501124,23.78846154,2212.537753,4948,0.005687995,0.00515081
18-Dec-21,34703,38611,185,193,8.546883259,23.82901554,1581.173403,4599,0.005330951,0.004998576
19-Dec-21,37805,40382,244,208,8.405390361,23.78846154,2050.915248,4948,0.006454173,0.00515081
20-Dec-21,41676,40558,217,209,10.74919621,23.84210526,2332.575577,4983,0.005206834,0.005153114
21-Dec-21,41297,39054,242,197,9.490137826,23.78680203,2296.613354,4686,0.00585999,0.005044298
22-Dec-21,38888,35839,239,170,9.863012799,23.86470588,2357.260059,4057,0.006145855,0.004743436
23-Dec-21,68099,39054,634,197,7.192204495,23.78680203,4559.85765,4686,0.009309975,0.005044298
24-Dec-21,37556,37453,435,184,9.891445253,23.75543478,4302.778685,4371,0.011582703,0.004912824
25-Dec-21,33025,35839,280,170,14.07979105,23.86470588,3942.341493,4057,0.008478425,0.004743436
26-Dec-21,58783,37453,538,184,17.14886292,23.75543478,9226.088253,4371,0.009152306,0.004912824
27-Dec-21,74301,92253,690,707,17.80822153,23.69448373,12287.67286,16752,0.009286551,0.007663707
28-Dec-21,80277,88331,741,662,20.43416361,23.74622356,15141.71523,15720,0.009230539,0.007494538
29-Dec-21,93137,79993,869,574,17.19913288,23.73170732,14946.04647,13622,0.009330341,0.007175628
30-Dec-21,79028,88331,802,662,17.80207464,23.74622356,14277.26386,15720,0.010148302,0.007494538
31-Dec-21,60278,84223,701,620,16.01147577,23.66129032,11224.04451,14670,0.01162945,0.00736141
1-Jan-22,84221,180034,925,851,17.11867674,35.13631022,15834.77599,29901,0.010983009,0.004726885
2-Jan-22,102932,187084,1090,915,17.97362791,35.19125683,19591.25442,32200,0.010589515,0.004890851
3-Jan-22,112734,209417,1226,1659,15.95114432,35.18203737,19556.10294,58367,0.010875157,0.007921993
4-Jan-22,144577,212684,1161,1555,16.07105238,35.18842444,18658.49181,54718,0.008030323,0.007311316
5-Jan-22,127256,213021,1463,1349,15.3968749,35.153447,22525.62798,47422,0.011496511,0.006332709
6-Jan-22,162654,212684,1541,1555,16.88720102,35.18842444,26023.17678,54718,0.009474098,0.007311316
7-Jan-22,131410,213886,1559,1452,21.06347581,35.17217631,32837.95878,51070,0.011863633,0.006788663
8-Jan-22,142923,213021,1711,1349,20.69905116,35.153447,35416.07653,47422,0.011971481,0.006332709
9-Jan-22,163768,213886,1954,1452,21.17022123,35.17217631,41366.61229,51070,0.011931513,0.006788663
10-Jan-22,179225,197030,1778,1862,21.24810913,35.18152524,37779.13804,65508,0.009920491,0.009450338
11-Jan-22,152910,205100,1629,1745,20.71956191,35.19426934,33752.16635,61414,0.010653325,0.008508045
12-Jan-22,147748,213428,1454,1512,22.9700297,35.20238095,33398.42318,53226,0.009841081,0.007084356
13-Jan-22,152406,205100,1341,1745,24.81615224,35.19426934,33278.46015,61414,0.008798866,0.008508045
14-Jan-22,128397,210568,1262,1628,23.09786525,35.20884521,29149.50594,57320,0.00982889,0.007731469
15-Jan-22,139394,213428,1442,1512,21.0679323,35.20238095,30379.95838,53226,0.010344778,0.007084356
16-Jan-22,164547,210568,1864,1628,19.13506821,35.20884521,35667.76715,57320,0.01132807,0.007731469
17-Jan-22,171300,209946,1711,1646,18.9814235,35.17922236,32477.2156,57905,0.009988325,0.007840111
18-Jan-22,166346,212937,1808,1543,18.7511925,35.18211277,33902.15603,54286,0.010868912,0.007246275
19-Jan-22,142325,212815,1425,1338,24.89928204,35.16292975,35481.4769,47048,0.010012296,0.006287151
20-Jan-22,134854,212937,1352,1543,24.57871636,35.18211277,33230.42452,54286,0.010025657,0.007246275
21-Jan-22,138545,213893,1358,1442,22.1265148,35.13661581,30047.8071,50667,0.009801869,0.006741689
22-Jan-22,129788,212815,1362,1338,25.22651605,35.16292975,34358.51486,47048,0.010494036,0.006287151
23-Jan-22,161749,213893,1803,1442,25.05485353,35.13661581,45173.90091,50667,0.0111469,0.006741689
24-Jan-22,198127,213748,1824,1483,21.82607725,35.16115981,39810.76491,52144,0.009206216,0.006938077
25-Jan-22,171124,213616,1758,1390,22.44134829,35.16906475,39451.8903,48885,0.010273252,0.006507003
26-Jan-22,153564,208400,1670,1204,23.24287257,35.18936877,38815.59719,42368,0.010874945,0.005777351
27-Jan-22,159712,213616,1644,1390,23.23875516,35.16906475,38204.51348,48885,0.010293528,0.006507003
28-Jan-22,154963,211834,1756,1296,20.37524996,35.20601852,35778.93893,45627,0.011331737,0.006117998
29-Jan-22,142966,208400,1682,1204,24.07074673,35.18936877,40486.99599,42368,0.011765035,0.005777351
30-Jan-22,175783,211834,2342,1296,20.95792972,35.20601852,49083.4714,45627,0.013323245,0.006117998
31-Jan-22,170394,206972,2014,1176,21.93683624,35.1505102,44180.7882,41337,0.011819665,0.005681928
1-Feb-22,197368,163834,2715,1305,17.03574725,30.54252874,46252.05378,39858,0.013756029,0.00796538
2-Feb-22,147800,153043,1169,1202,25.01164005,30.57154742,29238.60722,36747,0.007909337,0.007854002
3-Feb-22,128836,163834,1043,1269,23.25591541,30.51930654,24255.91977,38729,0.008095563,0.007745645
4-Feb-22,137712,158760,1044,1260,20.37975268,30.52063492,21276.4618,38456,0.007581039,0.007936508
5-Feb-22,120894,153043,1160,1230,20.82974821,30.57073171,24162.50792,37602,0.009595183,0.008036957
6-Feb-22,157735,158760,1509,1629,20.15482916,30.55187231,30413.6372,49769,0.009566678,0.010260771
7-Feb-22,149248,157272,1192,1156,20.37924197,30.54930796,24292.05643,35315,0.007986707,0.007350323
8-Feb-22,137221,152257,1174,1110,18.64640041,30.52432432,21890.87409,33882,0.008555542,0.007290305
9-Feb-22,141484,140805,1327,1023,15.85595527,30.5259042,21040.85264,31228,0.009379152,0.007265367
10-Feb-22,128228,152257,1194,1078,16.49046097,30.52411874,19689.61039,32905,0.009311539,0.007080134
11-Feb-22,129132,146768,1179,1070,18.57844285,30.55327103,21903.98411,32692,0.009130192,0.007290418
12-Feb-22,124891,140805,1270,1048,18.3685871,30.49618321,23328.10562,31960,0.010168867,0.007442918
13-Feb-22,161155,146768,1701,1384,19.78969698,30.56213873,33662.27456,42298,0.010555056,0.009429848
14-Feb-22,140427,154041,1256,1102,19.4750422,30.52450091,24460.65301,33638,0.008944149,0.00715394
15-Feb-22,146092,148942,1262,1056,20.23112419,30.55397727,25531.67872,32265,0.008638392,0.007090008
16-Feb-22,170062,137441,1224,973,22.51453418,30.55909558,27557.78983,29734,0.007197375,0.007079401
17-Feb-22,134416,148942,1022,1028,22.85857241,30.49610895,23361.46101,31350,0.007603262,0.006902016
18-Feb-22,133491,143408,1124,1019,19.81496353,30.52600589,22272.01901,31106,0.008420043,0.007105601
19-Feb-22,129711,137441,1102,997,23.48521259,30.52657974,25880.70428,30435,0.00849581,0.007254022
20-Feb-22,166560,143408,1505,1318,22.15625117,30.54248862,33345.15802,40255,0.009035783,0.009190561
21-Feb-22,159217,149968,1205,1058,21.25973623,30.55387524,25617.98216,32326,0.007568287,0.007054838
22-Feb-22,152440,144806,1154,1014,21.12309299,30.55719921,24376.04931,30985,0.007570192,0.007002472
23-Feb-22,173394,133297,1623,936,15.93076399,30.52884615,25855.62995,28575,0.009360185,0.007021913
24-Feb-22,125305,144806,1181,985,17.09531073,30.55837563,20189.56197,30100,0.009425003,0.006802204
25-Feb-22,121741,139248,1191,978,16.49741414,30.55828221,19648.42024,29886,0.009783064,0.00702344
26-Feb-22,108566,133297,1124,958,19.55682531,30.52818372,21981.87165,29246,0.010353149,0.007186958
27-Feb-22,136609,139248,1503,1269,19.88323114,30.4964539,29884.4964,38700,0.011002203,0.009113237
28-Feb-22,146882,143297,1361,1034,22.25368759,30.52514507,30287.26881,31563,0.009265941,0.007215783
1-Mar-22,154594,131704,1405,1036,19.21979685,25.12837838,27003.81458,26033,0.009088322,0.007866124
2-Mar-22,138270,120028,1377,956,18.44677601,25.10564854,25401.21056,24001,0.009958776,0.007964808
3-Mar-22,172605,131704,1815,1009,16.05319619,25.05450942,29136.55108,25280,0.010515338,0.007661119
4-Mar-22,130079,126040,1335,1000,18.91847596,25.105,25256.16541,25105,0.010262994,0.007933989
5-Mar-22,126748,120028,1434,976,19.528571,25.1567623,28003.97081,24553,0.011313788,0.008131436
6-Mar-22,159231,126040,1902,1294,18.72250378,25.11823802,35610.20219,32503,0.01194491,0.010266582
7-Mar-22,157929,133223,1657,1034,17.83289227,25.10444874,29549.10249,25958,0.010492057,0.007761423
8-Mar-22,155730,127914,1891,992,18.15395392,25.10483871,34329.12686,24904,0.012142811,0.007755211
9-Mar-22,147785,116346,1122,915,26.89844735,25.10819672,30180.05793,22974,0.00759211,0.007864473
10-Mar-22,133646,127914,982,964,21.3256363,25.10580913,20941.77485,24202,0.007347769,0.007536313
11-Mar-22,162487,122285,1153,958,18.85071788,25.08037578,21734.87771,24027,0.007095952,0.007834158
12-Mar-22,137271,116346,1151,936,23.61143417,25.10576923,27176.76073,23499,0.008384874,0.008044969
13-Mar-22,173268,122285,1480,1238,20.61686865,25.12035541,30512.96559,31099,0.008541681,0.010123891
14-Mar-22,171082,130643,1334,1005,18.46158334,25.08059701,24627.75217,25206,0.00779743,0.00769272
15-Mar-22,160978,125351,1254,962,16.25986336,25.13201663,20389.86865,24177,0.007789884,0.00767445
16-Mar-22,177479,113873,1436,888,13.28766165,25.10810811,19081.08212,22296,0.008091098,0.007798161
17-Mar-22,144057,125351,1105,936,24.67447954,25.10576923,27265.29989,23499,0.007670575,0.007467033
18-Mar-22,136121,119760,980,929,28.65368393,25.10764263,28080.61025,23325,0.007199477,0.007757181
19-Mar-22,131193,113873,1109,909,27.57761801,25.08030803,30583.57837,22798,0.008453195,0.007982577
20-Mar-22,161111,119760,1543,1201,16.70585062,25.122398,25777.12751,30172,0.009577248,0.01002839
21-Mar-22,167143,128110,1289,973,18.10921663,25.15621788,23342.78024,24477,0.007711959,0.007595036
22-Mar-22,160498,122843,1198,935,18.339172,25.10695187,21970.32806,23475,0.007464267,0.007611341
23-Mar-22,151669,111466,1145,861,18.13948657,25.13704994,20769.71213,21643,0.007549334,0.007724328
24-Mar-22,144793,122843,1041,909,18.73668029,25.10671067,19504.88418,22822,0.007189574,0.007399689
25-Mar-22,132477,117295,1092,902,15.40627596,25.1075388,16823.65334,22647,0.00824294,0.007690012
26-Mar-22,122947,111466,1077,883,14.97487581,25.0804077,16127.94124,22146,0.008759872,0.007921698
27-Mar-22,146455,117295,1220,1168,14.33150772,25.07962329,17484.43942,29293,0.008330204,0.009957799
28-Mar-22,174259,123658,1293,927,14.43742172,25.0798274,18667.58628,23249,0.00741999,0.007496482
29-Mar-22,173621,118453,1287,888,14.69667807,25.10810811,18914.62467,22296,0.007412698,0.007496644
30-Mar-22,162686,107282,1272,817,15.6926127,25.14075887,19961.00335,20540,0.007818743,0.007615443
31-Mar-22,157925,118453,1238,863,17.29472907,25.11008111,21410.87459,21670,0.007839164,0.00728559
1-Apr-22,161974,106633,1176,872,15.46408148,27.11123853,18185.75982,23641,0.007260425,0.008177581
2-Apr-22,149232,105159,1326,852,14.36797121,27.14319249,19051.92982,23126,0.008885494,0.008102017
3-Apr-22,181517,123819,1653,1128,17.48107351,27.13652482,28896.21451,30610,0.009106585,0.009110072
4-Apr-22,176601,109350,1330,908,20.45408157,27.1123348,27203.92848,24618,0.007531101,0.008303612
5-Apr-22,169903,106556,1231,872,51.40454935,27.08142202,63279.00025,23615,0.007245311,0.00818349
6-Apr-22,156182,101145,1268,801,27.948802,27.18102372,35439.08093,21772,0.008118733,0.007919324
7-Apr-22,143461,104609,1108,845,28.38553009,27.1443787,31451.16734,22937,0.007723353,0.008077699
8-Apr-22,140117,104134,1026,840,19.8678879,27.11190476,20384.45299,22774,0.007322452,0.00806653
9-Apr-22,124202,102694,1032,822,19.66211852,27.11313869,20291.30632,22287,0.008309045,0.008004362
10-Apr-22,150633,121421,1253,1087,20.82761435,27.13707452,26097.00078,29498,0.00831823,0.008952323
11-Apr-22,153795,107017,1145,877,20.35432236,27.11174458,23305.6991,23777,0.007444975,0.00819496
12-Apr-22,149188,104213,1124,840,21.58463203,27.1452381,24261.1264,22802,0.007534118,0.008060415
13-Apr-22,136532,98900,1013,773,19.08850205,27.21733506,19336.65258,21039,0.007419506,0.007815976
14-Apr-22,134654,102289,1018,815,18.86187341,27.1791411,19201.38714,22151,0.007560117,0.007967621
15-Apr-22,130138,101802,1067,809,18.23761716,27.17923362,19459.53751,21988,0.008198989,0.007946799
16-Apr-22,116739,100403,888,793,20.46170107,27.14627995,18169.99055,21527,0.007606712,0.00789817
17-Apr-22,146400,119084,1062,1048,21.26915122,27.16412214,22587.83859,28468,0.007254098,0.008800511
18-Apr-22,179719,106092,1306,865,20.01284135,27.11213873,26136.7708,23452,0.0072669,0.008153301
19-Apr-22,180815,103337,1199,828,18.58530759,27.17753623,22283.7838,22503,0.006631087,0.008012619
20-Apr-22,174973,97964,1237,765,18.00461029,27.11372549,22271.70293,20742,0.007069662,0.007808991
21-Apr-22,171110,101391,1242,804,17.44491444,27.17910448,21666.58373,21852,0.007258489,0.007929698
22-Apr-22,187047,100899,1251,799,16.79124607,27.14643304,21005.84883,21690,0.006688159,0.00791881
23-Apr-22,161653,99401,1259,781,17.37807791,27.14724712,21879.00009,21202,0.007788287,0.007857064
24-Apr-22,188192,118129,1605,1034,16.9216831,27.13829787,27159.30137,28061,0.008528524,0.008753143
25-Apr-22,199878,103895,1411,838,18.06961079,27.07995227,25496.22083,22693,0.007059306,0.008065836
26-Apr-22,188344,101145,1367,801,17.59513965,27.18102372,24052.5559,21772,0.007257996,0.007919324
27-Apr-22,174392,95811,1275,739,15.90146533,27.14749662,20274.3683,20062,0.007311115,0.007713102
28-Apr-22,163529,99233,1307,778,15.09695356,27.18123393,19731.7183,21147,0.007992466,0.007840134
29-Apr-22,172757,98812,1362,773,16.2652851,27.18111255,22153.31831,21011,0.007883906,0.007822936
30-Apr-22,146526,97367,1180,757,19.24667923,27.14795244,22711.08149,20551,0.008053178,0.007774708
1-May-22,173053,106289,1315,812,22.9786271,30.46428571,30216.89463,24737,0.007598828,0.007639549
2-May-22,200374,114227,1586,936,20.14474408,30.42200855,31949.56411,28475,0.007915199,0.00819421
3-May-22,185037,110575,1256,878,22.23906504,30.38952164,27932.26569,26682,0.006787832,0.007940312
4-May-22,176930,102485,1164,760,24.90488258,30.42894737,28989.28332,23126,0.006578873,0.007415719
5-May-22,158818,110575,1080,878,22.93125363,30.38952164,24765.75392,26682,0.006800237,0.007940312
6-May-22,191562,106706,1133,818,22.09660013,30.46332518,25035.44794,24919,0.005914534,0.007665923
7-May-22,154433,102485,1214,760,21.46918726,30.42894737,26063.59333,23126,0.007861014,0.007415719
8-May-22,186431,106706,1508,818,21.08905952,30.46332518,31802.30175,24919,0.008088784,0.007665923
9-May-22,293573,110445,1472,875,21.34741573,30.424,31423.39596,26621,0.005014085,0.007922495
10-May-22,188963,106775,1423,820,22.60290149,30.42560976,32163.92882,24949,0.007530575,0.0076797
11-May-22,171669,98763,1608,710,20.66264274,30.47464789,33225.52952,21637,0.009366863,0.007188927
12-May-22,158293,106775,1369,820,23.3196858,30.42560976,31924.64986,24949,0.008648519,0.0076797
13-May-22,158534,102854,1440,765,20.22627589,30.42875817,29125.83729,23278,0.009083225,0.007437727
14-May-22,136868,98763,1306,710,21.45689484,30.47464789,28022.70466,21637,0.009542041,0.007188927
15-May-22,187749,102854,1943,765,18.8273337,30.42875817,36581.50938,23278,0.010348923,0.007437727
16-May-22,202709,108875,1675,852,21.87942215,30.38849765,36648.0321,25891,0.008263077,0.007825488
17-May-22,208403,105236,1636,798,23.05808831,30.4273183,37723.03247,24281,0.007850175,0.007582956
18-May-22,200201,97189,1289,691,31.6005351,30.4341534,40733.08975,21030,0.006438529,0.007109858
19-May-22,225656,105236,1456,798,25.13644079,30.4273183,36598.6578,24281,0.006452299,0.007582956
20-May-22,186491,101368,1370,746,25.57745647,30.39008043,35041.11536,22671,0.007346199,0.007359324
21-May-22,173898,97189,1405,691,25.35465185,30.4341534,35623.28585,21030,0.008079449,0.007109858
22-May-22,209644,101292,1586,745,25.35738574,30.38791946,40216.81378,22639,0.007565206,0.007354974
23-May-22,212628,105732,1425,804,16.71272042,30.46517413,23815.6266,24494,0.006701845,0.007604131
24-May-22,201162,102115,1450,755,14.2522461,30.42913907,20665.75685,22974,0.007208121,0.007393625
25-May-22,185372,94185,1263,653,16.18000588,30.48238897,20435.34742,19905,0.006813327,0.006933163
26-May-22,177564,102115,1227,755,14.73019467,30.42913907,18073.94886,22974,0.006910184,0.007393625
27-May-22,243495,98294,1348,704,15.31315949,30.47443182,20642.13899,21454,0.005536048,0.007162187
28-May-22,157885,94185,1092,653,19.89205258,30.48238897,21722.12142,19905,0.006916427,0.006933163
29-May-22,184327,98215,1393,703,18.25414879,30.47510669,25428.02926,21424,0.007557222,0.007157766
30-May-22,186801,112096,1331,902,14.63565078,30.38913525,19480.05119,27411,0.00712523,0.008046674
31-May-22,177148,108475,1374,845,12.71120539,30.4260355,17465.19621,25710,0.007756226,0.007789813
1-Jun-22,157166,104478,1351,877,18.23314131,21.54618016,24632.97391,18896,0.008596007,0.008394112
2-Jun-22,148429,114717,1183,925,19.55028387,21.54702703,23127.98582,19931,0.007970141,0.008063321
3-Jun-22,131929,123738,1147,919,17.75528558,21.52230686,20365.31255,19779,0.00869407,0.007426983
4-Jun-22,129494,114334,1007,896,21.07199037,21.59375,21219.4943,19348,0.007776422,0.007836689
5-Jun-22,175223,131555,1615,1188,20.30871317,21.54713805,32798.57177,25598,0.009216827,0.009030444
6-Jun-22,182889,118138,1384,955,20.38069522,21.56858639,28206.88218,20598,0.007567432,0.008083766
7-Jun-22,169187,115592,1094,916,20.42118907,21.569869,22340.78084,19758,0.006466218,0.007924424
8-Jun-22,167096,110844,1092,845,19.58254514,21.57278107,21384.1393,18229,0.006535165,0.007623326
9-Jun-22,153489,113887,939,891,20.05123472,21.54657688,18828.1094,19198,0.006117702,0.007823544
10-Jun-22,136304,113511,1023,885,17.4800922,21.54689266,17882.13432,19069,0.007505282,0.007796601
11-Jun-22,134989,112224,1015,865,17.84962045,21.54566474,18117.36476,18637,0.007519131,0.007707799
12-Jun-22,168519,129236,1316,1144,14.60076306,21.56555944,19214.60419,24671,0.007809208,0.008852023
13-Jun-22,176936,117416,1132,925,13.79250513,21.54702703,15613.11581,19931,0.006397794,0.007877972
14-Jun-22,167001,114930,1126,887,14.38708747,21.54678692,16199.86049,19112,0.006742475,0.007717741
15-Jun-22,160247,110224,1131,817,15.42758856,21.57405141,17448.60266,17626,0.007057854,0.007412179
16-Jun-22,149469,113209,1032,861,17.13312606,21.57142857,17681.3861,18573,0.006904442,0.007605402
17-Jun-22,134017,112831,920,854,16.78843762,21.5971897,15445.36261,18444,0.006864801,0.007568842
18-Jun-22,134595,111536,974,838,17.45360429,21.5202864,16999.81058,18034,0.007236524,0.007513269
19-Jun-22,166634,128548,1322,1107,14.40865345,21.56549232,19048.23986,23873,0.007933555,0.008611569
20-Jun-22,182216,115372,1081,872,17.35764531,21.52178899,18763.61458,18767,0.00593252,0.00755816
21-Jun-22,171766,112907,1077,835,16.65307216,21.54610778,17935.35871,17991,0.006270158,0.007395467
22-Jun-22,160837,108265,1150,769,15.40932216,21.57347204,17720.72048,16590,0.007150096,0.007102942
23-Jun-22,158055,111229,1197,810,14.19796265,21.6,16994.96129,17496,0.007573313,0.007282274
24-Jun-22,141403,110844,1219,804,15.89766235,21.59950249,19379.25041,17366,0.008620751,0.007253437
25-Jun-22,136309,109521,1174,786,14.60982524,21.60178117,17151.93483,16979,0.008612784,0.007176706
26-Jun-22,172910,126381,1579,1042,13.55734997,21.56621881,21407.05561,22472,0.009131918,0.00824491
27-Jun-22,174978,117778,1284,954,13.64203994,21.54507338,17516.37929,20554,0.007338065,0.008099985
28-Jun-22,174955,115299,1256,915,17.56539279,21.54754098,22062.13335,19716,0.007178989,0.007935888
29-Jun-22,173345,110534,1257,843,18.487751,21.5717675,23239.10301,18185,0.007251435,0.007626613
30-Jun-22,167611,113585,1294,888,19.77037691,21.57094595,25582.86772,19155,0.007720257,0.007817934
1-Jul-22,301977,105948,1589,883,13.62601111,23.67157418,21651.73165,20902,0.00526199,0.008334277
2-Jul-22,169136,111387,1417,861,22.52210644,23.72706156,31913.82483,20429,0.008377873,0.007729807
3-Jul-22,195143,136959,1798,1141,18.54799134,23.69237511,33349.28843,27033,0.009213756,0.00833096
4-Jul-22,210860,118069,1516,945,28.96420847,23.6973545,43909.74005,22394,0.007189604,0.008003794
5-Jul-22,186103,115596,1354,906,23.7634465,23.6986755,32175.70656,21471,0.007275541,0.007837641
6-Jul-22,175765,110890,1351,835,23.64514028,23.7005988,31944.58452,19790,0.007686399,0.007529985
7-Jul-22,157258,113906,1148,880,26.92114741,23.69886364,30905.47722,20855,0.007300106,0.007725669
8-Jul-22,170729,113509,1165,875,23.92514367,23.672,27872.79237,20713,0.00682368,0.00770864
9-Jul-22,140962,112243,1172,854,23.82234895,23.72716628,27919.79296,20263,0.008314297,0.007608492
10-Jul-22,169490,128761,1479,1131,24.13491367,23.69319187,35695.53732,26797,0.008726179,0.008783716
11-Jul-22,180489,115208,1260,900,25.34424682,23.69888889,31933.75099,21329,0.006981035,0.007811958
12-Jul-22,170243,112845,1348,865,20.60177389,23.6716763,27771.19121,20476,0.007918094,0.007665382
13-Jul-22,162933,108190,1128,797,23.19084037,23.67252196,26159.26793,18867,0.006923091,0.00736667
14-Jul-22,159970,111162,1149,840,21.41642726,23.67142857,24607.47492,19884,0.007182597,0.007556539
15-Jul-22,158222,110754,1109,835,18.37324126,23.64311377,20375.92456,19742,0.007009139,0.007539231
16-Jul-22,130405,109518,1012,813,19.81292795,23.75891759,20050.68309,19316,0.007760439,0.007423437
17-Jul-22,161708,125899,1286,1078,19.98170294,23.69387755,25696.46998,25542,0.007952606,0.008562419
18-Jul-22,179771,113707,1259,878,17.13901797,23.67312073,21578.02362,20785,0.007003354,0.0077216
19-Jul-22,163174,111297,1220,841,17.09546116,23.70035672,20856.46261,19932,0.007476681,0.007556358
20-Jul-22,290281,106706,1223,773,19.26073038,23.76455369,23555.87326,18370,0.004213159,0.007244204
21-Jul-22,171127,109653,1255,817,17.59831394,23.70134639,22085.88399,19364,0.007333735,0.007450777
22-Jul-22,193737,109238,1262,810,18.72429809,23.7308642,23630.06419,19222,0.006513985,0.007415002
23-Jul-22,164903,107979,1320,793,21.02407499,23.70113493,27751.77898,18795,0.008004706,0.007344021
24-Jul-22,203201,124327,1763,1050,20.6228658,23.69428571,36358.1124,24879,0.008676138,0.00844547
25-Jul-22,201919,111366,1559,842,18.27773431,23.69952494,28494.98779,19955,0.007720918,0.007560656
26-Jul-22,187580,108961,1392,806,19.15526144,23.73076923,26664.12393,19127,0.007420834,0.007397142
27-Jul-22,181867,104470,1352,745,20.91957054,23.67248322,28283.25937,17636,0.007434004,0.007131234
28-Jul-22,172334,107344,1337,784,17.8841449,23.70280612,23911.10172,18583,0.00775819,0.007303622
29-Jul-22,284855,106990,1560,778,16.25318299,23.73264781,25354.96546,18464,0.00547647,0.007271708
30-Jul-22,163711,105701,1464,762,19.45231591,23.67191601,28478.1905,18038,0.008942588,0.007209014
31-Jul-22,188375,121894,1930,1009,15.82855548,23.67096135,30549.11208,23884,0.010245521,0.008277684
1-Aug-22,226206,101805,1718,875,26.45540359,25.92228571,45450.38336,22682,0.007594847,0.008594863
2-Aug-22,207960,105811,1455,838,25.25199357,25.98329356,36741.65064,21774,0.006996538,0.007919781
3-Aug-22,186279,109716,1400,771,22.25222101,26.01945525,31153.10941,20061,0.007515608,0.007027234
4-Aug-22,171806,105467,1289,813,21.87692958,26.01599016,28199.36223,21151,0.007502648,0.007708572
5-Aug-22,185849,105072,1221,807,22.03292251,26.0173482,26902.19839,20996,0.00656985,0.007680448
6-Aug-22,145473,103876,1057,789,20.1113741,26.01901141,21257.72242,20529,0.007265953,0.007595595
7-Aug-22,178417,119134,1492,1046,20.24431991,25.97705545,30204.52531,27172,0.008362432,0.008780029
8-Aug-22,189180,107793,1348,851,19.25842853,25.95299647,25960.36166,22086,0.007125489,0.007894761
9-Aug-22,191144,105534,1358,813,19.24955993,26.04797048,26140.90238,21177,0.007104591,0.007703678
10-Aug-22,175862,101215,1290,750,19.95561844,26.02266667,25742.74779,19517,0.007335297,0.007409969
11-Aug-22,171612,104010,1171,791,22.9113289,26.01896334,26829.16614,20581,0.006823532,0.007605038
12-Aug-22,175439,103607,1132,785,18.72547427,26.01910828,21197.23687,20425,0.006452385,0.007576708
13-Aug-22,146636,102454,1097,769,18.20757559,25.98569571,19973.71042,19983,0.00748111,0.007505807
14-Aug-22,188689,117597,1490,1016,19.43950502,26.00393701,28964.86248,26420,0.007896592,0.008639676
15-Aug-22,202585,104077,1291,793,20.31437484,25.98612863,26225.85792,20607,0.006372634,0.007619359
16-Aug-22,206694,101905,1340,762,17.05991408,25.95144357,22860.28487,19775,0.006483014,0.007477553
17-Aug-22,183753,97750,1317,702,18.01197439,25.98860399,23721.77027,18244,0.00716723,0.007181586
18-Aug-22,173089,100381,1264,739,19.82983753,25.98782138,25064.91463,19205,0.007302602,0.007361951
19-Aug-22,172511,100030,1227,734,15.00195576,25.98910082,18407.39972,19076,0.00711259,0.007337799
20-Aug-22,151769,98900,1131,717,15.34499515,26.0251046,17355.18951,18660,0.007452115,0.007249747
21-Aug-22,181792,113858,1433,950,16.41417412,25.98,23521.51152,24681,0.007882635,0.008343726
22-Aug-22,190017,101563,1271,757,15.75787327,25.95244386,20028.25692,19646,0.006688875,0.007453502
23-Aug-22,184156,99394,1200,724,19.16362533,26.02486188,22996.35039,18842,0.006516215,0.007284142
24-Aug-22,170688,95263,1233,668,18.57851774,25.99101796,22907.31237,17362,0.007223706,0.007012166
25-Aug-22,157271,97896,1167,703,16.25626544,26.02702703,18971.06177,18297,0.007420313,0.00718109
26-Aug-22,161822,97533,1207,698,12.76789881,26.02722063,15410.85386,18167,0.007458813,0.007156552
27-Aug-22,138467,96442,1050,684,17.70229214,25.99122807,18587.40674,17778,0.007583034,0.007092346
28-Aug-22,152510,111201,1234,906,18.14925519,25.95253863,22396.18091,23513,0.008091273,0.008147409
29-Aug-22,179582,103607,1500,785,16.27669841,26.01910828,24415.04762,20425,0.00835273,0.007576708
30-Aug-22,183303,101424,1318,754,18.53614135,25.9867374,24430.6343,19594,0.007190281,0.007434138
31-Aug-22,181248,97244,1684,695,14.10524975,25.98992806,23753.24058,18063,0.009291137,0.007146971
1-Sep-22,167416,88503,1352,732,16.78130921,24.62978142,22688.33005,18029,0.008075692,0.008270906
2-Sep-22,158929,94299,1287,727,19.21869203,24.62998624,24734.45664,17906,0.008097956,0.00770952
3-Sep-22,152259,101362,1261,710,20.35525959,24.66619718,25667.98234,17513,0.008281941,0.007004597
4-Sep-22,183806,108908,1738,941,16.63705513,24.62167906,28915.20182,23169,0.009455622,0.00864032
5-Sep-22,228733,116054,2440,1074,13.29212073,24.61824953,32432.77458,26440,0.010667459,0.009254313
6-Sep-22,208417,113791,2267,1030,15.89395768,24.62038835,36031.60206,25359,0.010877232,0.009051682
7-Sep-22,183421,109421,1953,950,17.17998413,24.62210526,33552.50901,23391,0.010647636,0.008682063
8-Sep-22,153406,112244,1520,1001,21.47685476,24.62137862,32644.81923,24646,0.009908348,0.008918071
9-Sep-22,138174,111866,1502,995,19.66560203,24.5959799,29537.73424,24473,0.010870352,0.00889457
10-Sep-22,147391,110655,1579,971,20.89442997,24.64675592,32992.30492,23932,0.010713001,0.008775021
11-Sep-22,186639,125561,2125,1285,19.04355829,24.63501946,40467.56136,31656,0.011385616,0.010234069
12-Sep-22,212280,114106,2201,1036,17.42083517,24.61969112,38343.25821,25506,0.010368381,0.009079277
13-Sep-22,209127,111866,2943,995,15.21745481,24.5959799,44784.9695,24473,0.014072788,0.00889457
14-Sep-22,157816,107463,929,916,29.8671267,24.62336245,27746.56071,22555,0.005886602,0.008523864
15-Sep-22,158342,110321,980,966,28.96818758,24.62111801,28388.82383,23784,0.006189135,0.008756266
16-Sep-22,152642,109929,1037,959,23.10951633,24.62148071,23964.56843,23612,0.006793674,0.008723813
17-Sep-22,140547,108736,1009,938,23.88325765,24.62260128,24098.20697,23096,0.007179093,0.008626398
18-Sep-22,162967,123736,1229,1239,24.58989779,24.65536723,30220.98438,30548,0.007541404,0.010013254
19-Sep-22,165748,105808,1285,888,21.62494888,24.62387387,27788.05931,21866,0.007752733,0.00839256
20-Sep-22,172143,103616,1114,852,22.28580186,24.62441315,24826.38327,20980,0.006471364,0.008222668
21-Sep-22,160541,99366,1024,784,23.15671312,24.65943878,23712.47424,19333,0.006378433,0.007890023
22-Sep-22,153785,102121,1150,827,16.27724219,24.65659008,18718.82852,20391,0.007477972,0.008098236
23-Sep-22,158563,101743,1175,822,15.16590107,24.62652068,17819.93376,20243,0.007410304,0.00807918
24-Sep-22,141527,100530,1159,802,16.44030953,24.65710723,19054.31874,19775,0.00818925,0.007977718
25-Sep-22,173686,115497,1518,1063,15.75142864,24.61994356,23910.66867,26171,0.00873991,0.009203702
26-Sep-22,172348,104049,1358,858,16.55983294,24.65268065,22488.25313,21152,0.007879407,0.008246115
27-Sep-22,231430,101867,1305,825,18.2141384,24.59636364,23769.45061,20292,0.005638854,0.008098795
28-Sep-22,152933,97721,1387,760,15.96908587,24.62763158,22149.1221,18717,0.009069331,0.007777243
29-Sep-22,143876,100401,1269,801,17.57646521,24.6267166,22304.53435,19726,0.008820095,0.007978008
30-Sep-22,135994,100015,1351,795,14.86564888,24.62767296,20083.49164,19579,0.009934262,0.007948808
1-Oct-22,132156,147551,1314,787,15.28435742,25.3202033,20083.64565,19927,0.009942795,0.005333749
2-Oct-22,161560,212207,1680,1042,13.50911252,32.62380038,22695.30903,33994,0.010398614,0.0049103
3-Oct-22,156254,163792,1293,896,13.78962803,25.69754464,17829.98904,23025,0.008274988,0.005470353
4-Oct-22,152432,154871,1227,861,13.71842195,24.7340302,16832.50374,21296,0.008049491,0.005559466
5-Oct-22,147041,138472,1072,793,15.46639715,23.05674653,16579.97774,18284,0.007290484,0.00572679
6-Oct-22,253825,148856,1775,834,10.73651278,24.18345324,19057.31019,20169,0.006993007,0.00560273
7-Oct-22,166524,147290,1360,830,12.62838813,23.95060241,17174.60786,19879,0.008166991,0.005635142
8-Oct-22,144688,142869,1268,811,13.15687328,23.51787916,16682.91532,19073,0.008763685,0.005676529
9-Oct-22,170023,206391,1493,1072,12.98671365,30.30317164,19389.16348,32485,0.008781165,0.005194025
10-Oct-22,168186,155657,1261,783,14.25707199,27.3908046,17978.16777,21447,0.007497651,0.005030291
11-Oct-22,163837,147030,1238,753,12.84223324,26.33598938,15898.68475,19831,0.007556291,0.005121404
12-Oct-22,151150,131294,1131,693,13.7333983,24.56421356,15532.47348,17023,0.007482633,0.005278231
13-Oct-22,148298,141315,1117,732,13.23367409,25.67213115,14782.01395,18792,0.007532131,0.005179917
14-Oct-22,148854,139762,1087,728,12.93254762,25.43131868,14057.67926,18514,0.007302457,0.005208855
15-Oct-22,133727,135640,1132,709,13.82574894,25.08180536,15650.7478,17783,0.008465007,0.005227072
16-Oct-22,155323,197194,1388,941,12.38066086,32.12433581,17184.35727,30229,0.008936217,0.00477195
17-Oct-22,166061,132056,1153,693,12.45847197,24.75613276,14364.61818,17156,0.006943232,0.005247774
18-Oct-22,156055,124714,1062,664,17.50266858,23.93975904,18587.83403,15896,0.006805293,0.005324182
19-Oct-22,148231,111397,1013,612,19.70162894,22.36764706,19957.75011,13689,0.006833928,0.005493864
20-Oct-22,138688,119724,940,645,19.43001539,23.34573643,18264.21447,15058,0.006777803,0.005387391
21-Oct-22,146830,118734,958,639,19.81089852,23.30829421,18978.84079,14894,0.006524552,0.005381778
22-Oct-22,131551,115044,997,625,19.69820897,22.8544,19639.11435,14284,0.00757881,0.005432704
23-Oct-22,160210,169040,1271,830,17.10882529,29.0060241,21745.31694,24075,0.007933337,0.00491008
24-Oct-22,177119,121711,1038,661,18.92366044,23.28441755,19642.75953,15391,0.005860467,0.005430898
25-Oct-22,177999,115044,1108,634,17.61900208,22.52996845,19521.8543,14284,0.006224754,0.005510935
26-Oct-22,169574,102831,986,585,19.49946437,21.05470085,19226.47187,12317,0.005814571,0.005688946
27-Oct-22,154101,110432,1043,617,18.84476246,21.93192869,19655.08725,13532,0.006768288,0.005587149
28-Oct-22,288842,109471,2506,611,8.791118262,21.89525368,22030.54236,13378,0.008676024,0.005581387
29-Oct-22,138161,106129,1056,597,20.61436265,21.50921273,21768.76696,12841,0.007643257,0.00562523
30-Oct-22,158650,156182,1322,792,17.91426707,27.20454545,23682.66107,21546,0.008332808,0.005071007
31-Oct-22,147491,112124,1116,645,17.31626709,21.40620155,19324.95407,13807,0.007566563,0.00575256
1-Nov-22,149264,107869,1008,896,20.19591524,20.22991071,20357.48256,18126,0.006753135,0.008306372
2-Nov-22,140561,96682,917,827,21.91785714,18.78960097,20098.675,15539,0.006523858,0.008553816
3-Nov-22,134529,103879,947,874,21.38733833,19.65446224,20253.8094,17178,0.007039374,0.008413635
4-Nov-22,172270,102919,1560,868,13.56136222,19.53225806,21155.72506,16954,0.009055552,0.008433817
5-Nov-22,124641,99717,971,846,20.23567958,19.17257683,19648.84487,16220,0.007790374,0.00848401
6-Nov-22,155300,141403,1456,1120,15.98349358,24.79107143,23271.96665,27766,0.009375402,0.007920624
7-Nov-22,155413,112956,1065,928,19.4614264,20.8825431,20726.41912,19379,0.006852709,0.008215588
8-Nov-22,151644,106914,891,891,21.86107873,20.08529742,19478.22115,17896,0.005875603,0.008333801
9-Nov-22,137477,95723,991,823,19.7168858,18.62332928,19539.43382,15327,0.007208479,0.008597725
10-Nov-22,131248,102758,937,866,19.26150616,19.53464203,18048.03127,16917,0.007139156,0.008427568
11-Nov-22,164038,101799,1210,859,13.24245626,19.43538999,16023.37208,16695,0.00737634,0.008438197
12-Nov-22,117367,98760,859,840,18.88493392,19.05238095,16222.15824,16004,0.007318923,0.008505468
13-Nov-22,139648,140319,1188,1112,15.48037878,24.625,18390.68999,27383,0.008507104,0.0079248
14-Nov-22,141530,112321,958,926,16.28183133,20.75593952,15597.99442,19220,0.006768883,0.008244229
15-Nov-22,148696,106275,879,888,20.11583291,19.98198198,17681.81713,17744,0.00591139,0.008355681
16-Nov-22,130666,95244,924,819,17.64571421,18.58608059,16304.63993,15222,0.007071465,0.008598967
17-Nov-22,126818,102279,842,864,22.76428838,19.4525463,19167.53081,16807,0.006639436,0.008447482
18-Nov-22,161109,101318,1427,856,15.69319474,19.37616822,22394.18889,16586,0.008857357,0.008448647
19-Nov-22,113043,98279,828,838,24.05775007,18.96897375,19919.81706,15896,0.007324646,0.008526745
20-Nov-22,133184,139634,1054,1107,21.69138452,24.52213189,22862.71928,27146,0.007913864,0.007927869
21-Nov-22,165822,134857,2149,1073,14.19641631,23.81826654,30508.09864,25557,0.01295968,0.007956576
22-Nov-22,157345,128406,2328,1029,11.55251577,22.91059281,26894.25672,23575,0.014795513,0.008013644
23-Nov-22,147398,116108,2033,949,14.68502567,21.2687039,29854.65719,20184,0.013792589,0.008173425
24-Nov-22,140516,124020,1930,999,16.79261338,22.33633634,32409.74382,22314,0.013735091,0.008055152
25-Nov-22,202013,122948,3090,993,11.96174941,22.16918429,36961.80569,22014,0.015296045,0.008076585
26-Nov-22,129272,119549,1900,970,16.64874117,21.74123711,31632.60822,21089,0.014697692,0.008113828
27-Nov-22,155519,160299,2677,1286,19.95201729,28.2037325,53411.55028,36270,0.017213331,0.008022508
28-Nov-22,199725,69404,2951,651,16.6851976,15.30414747,49238.01811,9963,0.014775316,0.009379863
29-Nov-22,123861,65471,618,625,18.33167913,14.7584,11328.9777,9224,0.004989464,0.009546211
30-Nov-22,109013,58720,726,577,16.62657737,13.8457539,12070.89517,7989,0.006659756,0.009826294
1-Dec-22,93983,70604,637,607,16.12893655,33.30642504,10274.13258,20217,0.006777822,0.008597247
2-Dec-22,84459,69865,573,602,15.56264584,33.08637874,8917.396068,19918,0.006784357,0.008616618
3-Dec-22,74265,67944,506,588,17.45813342,32.57312925,8833.815511,19153,0.006813438,0.008654186
4-Dec-22,90047,94947,685,780,14.74652478,41.11666667,10101.36948,32071,0.007607138,0.008215109
5-Dec-22,95401,72585,645,469,15.3651934,27.55863539,9910.549743,12925,0.006760935,0.00646139
6-Dec-22,87226,68884,585,452,15.34619574,26.68362832,8977.524507,12061,0.006706716,0.006561756
7-Dec-22,81108,62103,558,417,14.80421164,25.22541966,8260.750095,10519,0.006879716,0.006714651
8-Dec-22,106917,66399,646,438,12.96154416,26.2283105,8373.15753,11488,0.00604207,0.006596485
9-Dec-22,80555,65830,506,435,15.41228662,26.11264368,7798.617028,11359,0.006281423,0.00660793
10-Dec-22,71786,63952,522,426,15.86194764,25.66666667,8279.936668,10934,0.007271613,0.006661246
11-Dec-22,89884,91592,612,562,14.71407689,31.44661922,9005.015054,17673,0.006808776,0.006135907
12-Dec-22,96084,71672,584,477,13.9755863,27.88469602,8161.742398,13301,0.006078015,0.006655319
13-Dec-22,92200,67875,561,457,14.4124567,27.07877462,8085.388211,12375,0.006084599,0.006732965
14-Dec-22,88115,61263,562,423,13.79508639,25.55082742,7752.838554,10808,0.006378029,0.006904657
15-Dec-22,83656,65452,578,446,13.34568391,26.44394619,7713.805298,11794,0.006909247,0.006814154
16-Dec-22,101586,64898,557,443,15.6188942,26.32731377,8699.72407,11663,0.005483039,0.006826096
17-Dec-22,83223,63067,583,433,14.70479994,25.93533487,8572.898362,11230,0.007005275,0.006865714
18-Dec-22,95897,90336,701,572,15.19824436,31.77972028,10653.9693,18178,0.007309926,0.006331916
19-Dec-22,104496,75599,692,505,13.71769378,28.83564356,9492.644097,14562,0.006622263,0.006679983
20-Dec-22,98686,71767,690,485,11.9380264,28.01030928,8237.238213,13585,0.006991873,0.006757981
21-Dec-22,95404,64682,799,447,9.491611765,26.48322148,7583.797801,11838,0.008374911,0.006910733
22-Dec-22,163909,69120,2146,469,13.34556062,27.55863539,28639.57309,12925,0.013092631,0.006785301
23-Dec-22,116181,68373,1607,467,22.33081436,27.28265525,35885.61868,12741,0.013831866,0.006830182
24-Dec-22,88510,66516,1279,456,22.96549123,26.94078947,29372.86329,12285,0.014450345,0.006855493
25-Dec-22,92017,95442,958,605,31.86909865,33.12066116,30530.59651,20038,0.01041112,0.006338928
26-Dec-22,187811,107208,2017,891,31.80969662,46.37485971,64160.15807,41320,0.01073952,0.008310947
27-Dec-22,216693,103745,2452,856,17.89386692,44.64135514,43875.76169,38213,0.011315548,0.008251
28-Dec-22,244897,96079,2720,790,11.73696642,41.47974684,31924.54865,32769,0.01110671,0.0082224
29-Dec-22,220883,101054,2749,831,12.02741839,43.4765343,33063.37314,36129,0.012445503,0.008223326
30-Dec-22,214845,100375,2871,825,11.61313325,43.19878788,33341.30555,35639,0.013363122,0.008219178
31-Dec-22,171321,98275,2508,806,12.014395,42.41687345,30132.10266,34188,0.014639186,0.008201475
1-Jan-23,256460,131717,3108,1068,14.61952454,15.79026217,45437.48227,16864,0.012118849,0.008108293
2-Jan-23,313961,219905,3867,1832,14.14233569,26.42958515,54688.41213,48419,0.012316816,0.00833087
3-Jan-23,368096,218521,3940,1755,14.31550402,25.402849,56403.08585,44582,0.010703729,0.008031265
4-Jan-23,326829,210098,3739,1622,14.12581768,23.41923551,52816.43231,37986,0.011440233,0.007720207
5-Jan-23,307934,216261,3724,1708,14.67500665,24.65632319,54649.72475,42113,0.012093501,0.007897864
6-Jan-23,299743,215574,2895,1693,18.47477578,24.53041937,53484.47589,41530,0.009658274,0.007853452
7-Jan-23,302408,213118,4023,1658,15.40383245,23.98250905,61969.61794,39763,0.013303219,0.007779728
8-Jan-23,354418,213118,4783,2193,13.75651681,31.5248518,65797.4199,69134,0.013495364,0.010290074
9-Jan-23,324365,211501,3656,2013,13.97185229,28.98161947,51081.09196,58340,0.011271253,0.009517685
10-Jan-23,362144,217557,4611,1930,11.9833126,27.83989637,55255.05438,53731,0.012732504,0.008871238
11-Jan-23,300683,219211,3240,1779,17.83079445,25.71163575,57771.77402,45741,0.010775468,0.008115469
12-Jan-23,274987,219486,2875,1874,20.72637373,27.07844184,59588.32448,50745,0.01045504,0.00853813
13-Jan-23,265564,219722,2864,1861,21.19066708,26.86673831,60690.07053,49999,0.010784594,0.008469794
14-Jan-23,271794,219863,3166,1821,20.74947495,26.27457441,65692.83769,47846,0.011648528,0.00828243
15-Jan-23,330726,219863,3899,2409,19.742688,34.60938149,76976.7405,83374,0.011789215,0.010956823
16-Jan-23,462381,219863,2931,1821,23.44151155,26.27457441,68707.07034,47846,0.006338928,0.00828243
17-Jan-23,299773,218152,2797,1747,25.40831516,25.23354322,71067.05749,44083,0.009330393,0.008008178
18-Jan-23,279413,218152,2664,1609,27.67128124,23.35052828,73716.29321,37571,0.009534274,0.007375591
19-Jan-23,266136,215693,2515,1695,39.25556138,24.55870206,98727.73687,41627,0.009450056,0.007858391
20-Jan-23,288542,214958,2725,1684,30.57213929,24.37589074,83309.07956,41049,0.009444032,0.007834089
21-Jan-23,258769,212369,2898,1648,30.13463149,23.84162621,87330.16207,39291,0.011199178,0.007760078
22-Jan-23,320063,212369,3613,2181,28.41595562,31.35534159,102666.8477,68386,0.011288403,0.01026986
23-Jan-23,292594,218741,2646,1902,32.1949777,27.44479495,85187.911,52200,0.009043248,0.008695215
24-Jan-23,286023,219886,2664,1823,30.73372955,26.35984641,81874.65553,48054,0.009313936,0.00829066
25-Jan-23,272980,214831,2680,1682,27.05117165,24.34780024,72497.14002,40953,0.009817569,0.00782941
26-Jan-23,263883,219025,2557,1773,29.12601943,25.59898477,74475.23168,45387,0.0096899,0.008094966
27-Jan-23,253632,218623,2807,1758,31.96680094,25.44482366,89730.81023,44732,0.011067215,0.00804124
28-Jan-23,253686,217043,2953,1722,34.88579423,24.88211382,103017.7504,42847,0.011640374,0.007933912
29-Jan-23,325658,217043,4112,2276,31.03177643,32.75571178,127602.6647,74552,0.012626743,0.010486401
30-Jan-23,288086,212140,3379,1646,22.00733633,23.78493317,74362.78946,39150,0.011729136,0.007759027
31-Jan-23,286175,206221,3831,1577,30.93482063,22.87381103,118511.2979,36072,0.013386914,0.007647136
1-Feb-23,267315,189372,3257,1547,33.52762328,25.88946348,109199.469,40051,0.012184127,0.008169106
2-Feb-23,286318,193572,4437,1630,25.68456247,27.26809816,113962.4037,44447,0.015496755,0.008420639
3-Feb-23,227558,193148,1330,1620,43.17886012,27.03950617,57427.88396,43804,0.005844664,0.008387351
4-Feb-23,201080,191514,1527,1581,29.04518016,26.50537634,44351.99011,41905,0.007593992,0.008255271
5-Feb-23,244636,191514,1982,2094,25.60944492,34.82425979,50757.91983,72922,0.008101833,0.010933927
6-Feb-23,240167,169475,1560,1342,22.92800462,22.64157973,35767.6872,30385,0.00649548,0.007918572
7-Feb-23,228301,162309,1541,1287,21.63838907,21.75679876,33344.75756,28001,0.006749861,0.00792932
8-Feb-23,200708,188744,1480,1188,21.81437539,20.10185185,32285.27558,23881,0.007373896,0.00629424
9-Feb-23,186564,157182,1348,1250,23.02286413,21.1624,31034.82085,26453,0.007225403,0.007952565
10-Feb-23,180708,155900,1290,1242,21.10569855,21.00080515,27226.35113,26083,0.007138588,0.007966645
11-Feb-23,179491,151989,1332,1215,25.15397154,20.56790123,33505.09009,24990,0.007420985,0.007994
12-Feb-23,219927,192746,1730,1608,24.98356548,26.91044776,43221.56827,43272,0.007866247,0.008342586
13-Feb-23,220665,164984,1377,1307,26.89842382,22.07880643,37039.1296,28857,0.006240228,0.00792198
14-Feb-23,191722,157605,1268,1253,24.12024325,21.20989625,30584.46844,26576,0.006613743,0.007950255
15-Feb-23,194473,194718,1370,1157,27.61204689,19.60587727,37828.50423,22684,0.00704468,0.005941926
16-Feb-23,194365,152575,1303,1218,29.64218267,20.64860427,38623.76402,25150,0.006703882,0.007982959
17-Feb-23,205917,151253,1300,1210,44.85318193,20.48677686,58309.13651,24789,0.006313223,0.007999841
18-Feb-23,199802,193200,1504,1184,37.2881648,20.03800676,56081.39987,23725,0.007527452,0.006128364
19-Feb-23,257929,190622,2089,1565,36.89373808,26.24664537,77071.01884,41076,0.008099128,0.008209965
20-Feb-23,231321,175200,1601,1390,29.27193833,23.41654676,46864.37327,32549,0.006921118,0.00793379
21-Feb-23,225459,168471,1503,1333,53.28485333,22.52963241,80087.13456,30032,0.006666401,0.007912341
22-Feb-23,213873,188080,1705,1231,58.91014916,20.7904143,100441.8043,25593,0.007972021,0.006545087
23-Feb-23,236310,163520,1871,1297,31.38665945,21.8843485,58724.43983,28384,0.007917566,0.007931751
24-Feb-23,191995,162173,1826,1287,25.7003221,21.72338772,46928.78815,27958,0.009510664,0.00793597
25-Feb-23,192451,158308,1925,1257,21.18287863,21.30708035,40777.04136,26783,0.010002546,0.007940218
26-Feb-23,240887,194464,2508,1664,36.80832576,27.88581731,92315.28101,46402,0.010411521,0.008556854
27-Feb-23,224276,193819,2459,1638,25.20763589,27.3974359,61985.57664,44877,0.010964169,0.008451184
28-Feb-23,263891,190912,3662,1570,25.09305067,26.32738854,91890.75157,41334,0.013876942,0.008223684
1-Mar-23,201959,186695,1318,1447,30.05663639,25.18382861,39614.64676,36441,0.006526077,0.007750609
2-Mar-23,184103,192922,1364,1524,25.40434331,26.50721785,34651.52427,40397,0.007408896,0.007899566
3-Mar-23,169051,192179,1320,1513,25.0032149,26.322538,33004.24366,39826,0.007808295,0.007872869
4-Mar-23,185276,189677,1555,1482,20.0392895,25.73481781,31161.09517,38139,0.008392884,0.007813283
5-Mar-23,235230,171917,2008,1960,20.61781404,33.80816327,41400.5706,66264,0.008536326,0.01140085
6-Mar-23,228306,186226,1683,1440,21.32216932,25.13472222,35885.21097,36194,0.007371685,0.00773254
7-Mar-23,241824,180202,1669,1384,20.56762653,24.13078035,34327.36869,33397,0.006901714,0.00768027
8-Mar-23,225750,166626,1570,1276,21.94107677,22.3315047,34447.49054,28495,0.006954596,0.007657869
9-Mar-23,291390,175499,1936,1345,19.09706481,23.44535316,36971.91746,31534,0.006644017,0.007663861
10-Mar-23,220249,174261,1671,1335,19.08056482,23.27940075,31883.62381,31078,0.007586868,0.007660922
11-Mar-23,213719,170534,1807,1305,20.37986206,22.8137931,36826.41075,29772,0.008455027,0.007652433
12-Mar-23,272185,196963,2328,1727,21.73798402,29.88129705,50606.02679,51605,0.008553006,0.008768144
13-Mar-23,259738,179977,1784,1382,21.00052351,24.09768452,37464.93394,33303,0.00686846,0.007678759
14-Mar-23,256070,173251,1744,1326,22.04901186,23.16289593,38453.47668,30714,0.006810638,0.007653635
15-Mar-23,262099,158922,2130,1222,18.88870173,21.43289689,40232.93469,26191,0.0081267,0.007689307
16-Mar-23,244519,168264,1884,1288,20.95001868,22.5302795,39469.8352,29019,0.007704923,0.007654638
17-Mar-23,206347,167039,1776,1279,21.49212047,22.38076622,38170.00595,28625,0.008606861,0.007656894
18-Mar-23,207338,163124,1919,1251,22.19492091,21.91526779,42592.05322,27416,0.009255419,0.007669013
19-Mar-23,240925,197809,2194,1656,21.94365041,28.65338164,48144.369,47450,0.009106568,0.008371712
20-Mar-23,297570,172995,2114,1324,19.76331483,23.12990937,41779.64755,30624,0.007104211,0.0076534
21-Mar-23,268956,165797,2120,1271,19.18730039,22.21400472,40677.07683,28234,0.00788233,0.007666001
22-Mar-23,252105,151223,2035,1171,20.4858267,20.58838599,41688.65734,24109,0.008072033,0.007743531
23-Mar-23,242173,160679,1931,1234,18.78480279,21.63209076,36273.45419,26694,0.007973639,0.007679908
24-Mar-23,228810,159365,1980,1225,18.45821475,21.48326531,36547.26521,26317,0.008653468,0.007686757
25-Mar-23,223367,155347,1976,1198,19.22336219,21.03589316,37985.36369,25201,0.008846428,0.007711768
26-Mar-23,273828,196114,2540,1584,16.45121549,27.51262626,41786.08734,43580,0.009275896,0.008076935
27-Mar-23,284967,187614,2283,1459,16.85443717,25.31596984,38478.68005,36936,0.008011454,0.007776605
28-Mar-23,267657,181638,2247,1398,17.81190081,24.3304721,40023.34112,34014,0.008395073,0.007696627
29-Mar-23,281730,168264,2243,1288,16.87581078,22.5302795,37852.44358,29019,0.007961523,0.007654638
30-Mar-23,250613,177192,2431,1359,15.45909958,23.67917586,37581.07108,32180,0.009700215,0.007669646
31-Mar-23,236049,175986,3191,1348,11.29585055,23.53041543,36045.05911,31719,0.01351838,0.0076597
